[1,["ecpdLyjvZBwrvm+cedCcQy","d6ZV5u6AZD8YRJVrTtgsYo","9243IQFf1FyqqjTms8JdCa","825ImQScBGNpA8pVzfBZNF","b50CMvqa9Jc6S3B6sxE5/X","26sT3Mzh1Nz4jwOOVqZyuZ","45gAERuvJEppoXxQbODqu+","c9i5HVSuhPrZv5CyEpNlGR","4fKjL/YJFP1IQK+aT9JLzv","a0BW8aqG1GzaxNeuecs6By"],["node","_spriteFrame","_N$file","_parent","scene","hotUpdate","json","manifestUrl","_textureSetter"],[["cc.Node",["_name","_id","_active","_parent","_components","_contentSize","_children","_trs","_anchorPoint"],0,1,9,5,2,7,5],["cc.Widget",["_alignFlags","_originalWidth","_originalHeight","_right","_bottom","node"],-2,1],["cc.Sprite",["_type","_sizeMode","_fillRange","node","_materials","_spriteFrame"],0,1,3,6],["cc.Label",["_string","_N$horizontalAlign","_N$verticalAlign","_fontSize","_lineHeight","_isSystemFontUsed","_N$cacheMode","node","_materials"],-4,1,3],["cc.Node",["_name","_parent","_components","_contentSize","_children","_trs"],2,1,12,5,12,7],"cc.SpriteFrame",["cc.SceneAsset",["_name","asyncLoadAssets"],1],["cc.Node",["_name","_parent","_children","_components","_contentSize","_trs"],2,1,2,12,5,7],["cc.Node",["_name","_parent","_components","_contentSize","_anchorPoint","_trs"],2,1,2,5,5,7],["cc.Canvas",["_fitWidth","node","_designResolution"],2,1,5],["c39c9MMHvdPtqZ7qExcR32x",["node","designResolution"],3,1,5],["cc.Button",["node","clickEvents"],3,1,9],["cc.ClickEvent",["_componentId","handler","target"],1,1],["cc.LabelOutline",["node","_color"],3,1,5],["cc.Scene",["_name","_children","_anchorPoint","_trs"],2,2,5,7],["18ce68tZGxKqpWUIKPHSTqu",["node","json"],3,1,6],["9a3c9HV64BPQrX0+AB2yBLT",["node"],3,1],["cc.Camera",["_clearFlags","_depth","node"],1,1],["cc.ProgressBar",["_N$mode","node","_N$barSprite"],2,1,1],["c613cLRE2dGtr9qGAaRNTaj",["node","progressBar","lbProgress","lbMessage","lbVersion","nodeButtonTry"],3,1,1,1,1,1,1],["89360E4kI1AvbtoM8/47kWL",["node","loadingView"],3,1,1]],[[0,0,3,4,5,2],[4,0,1,2,3,5,2],[2,3,4,5,1],[1,0,1,2,5,4],[13,0,1,1],[3,0,3,4,5,1,2,6,7,8,8],[6,0,1,3],[0,0,1,6,4,5,7,3],[0,0,3,2],[0,0,3,6,5,2],[0,0,2,3,6,4,5,7,3],[0,0,3,4,5,8,2],[0,0,3,4,2],[0,0,3,4,5,7,2],[4,0,1,4,2,3,2],[7,0,1,2,3,4,5,2],[8,0,1,2,3,4,5,2],[9,0,1,2,2],[1,0,5,2],[1,0,3,4,5,4],[10,0,1,1],[2,0,3,4,5,2],[2,0,1,2,3,4,4],[11,0,1,1],[12,0,1,2,3],[14,0,1,2,3,2],[15,0,1,1],[16,0,1],[17,0,1,2,3],[18,0,1,2,2],[3,0,3,4,5,1,2,7,8,7],[3,0,1,2,7,8,4],[19,0,1,2,3,4,5,1],[20,0,1,1]],[[[[6,"Loading",null],[7,"Canvas","a5esZu+45LA5mBpvttspPD",[-4,-5,-6,-7,-8],[[17,true,-1,[5,1560,720]],[18,45,-2],[20,-3,[5,1560,720]]],[5,1560,720],[780,360,0,0,0,0,1,1,1,1]],[14,"UILoading",1,[[[8,"HoiXoayServer",-12],-13],4,1],[[[3,45,1560,720,-9],-10,-11],4,1,1],[5,1560,720]],[9,"ScaleContent",2,[-14,-15,-16,-17,-18,-19],[5,1560,720]],[10,"btnXanh@3x",false,3,[-22],[[2,-20,[12],13],[23,-21,[[24,"89360E4kI1AvbtoM8/47kWL","retryClicked",2]]]],[5,208,70],[0,-303.754,0,0,0,0,1,1,1,1]],[15,"progressBar",3,[-25],[[[21,1,-23,[4],5],-24],4,1],[5,908,48],[0,-190.507,0,0,0,0,1,1,1,1]],[0,"Background",1,[[2,-26,[1],2],[3,45,1560,720,-27]],[5,1560,720]],[1,"label",3,[[-28,[4,-29,[4,4278190080]]],1,4],[5,44.09,42.32],[0,-190.329,0,0,0,0,1,1,1,1]],[1,"lbUpdate",3,[[-30,[4,-31,[4,4278190080]]],1,4],[5,250.2,42.32],[0,-236.401,0,0,0,0,1,1,1,1]],[1,"lbVersion",3,[[-32,[19,36,36.97100000000005,20,-33]],1,4],[5,53.31,40.32],[716.374,-319.84,0,0,0,0,1,1,1,1]],[25,"New Node",[1],[0,0,0],[0,0,0,0,0,0,1,1,1,1]],[11,"LanguageManager",1,[[26,-34,0]],[5,1560,720],[0,0,0]],[12,"App",1,[[27,-35]]],[0,"Main Camera",1,[[28,7,-1,-36]],[5,960,640]],[16,"bar",5,[-37],[5,895,32],[0,0,0.5],[-447,0,0,0,0,0,1,1,1,1]],[22,3,0,1,14,[3]],[29,2,5,15],[5,"0%",30,32,false,1,1,1,7,[6]],[5,"Cập nhật phiên bản mới",22,32,false,1,1,1,8,[7]],[30,"v1.6.29",16,32,false,1,1,9,[8]],[13,"skeleton copy",3,[[2,-38,[9],10]],[5,1095,862],[0,70,0,0,0,0,1,0.5,0.5,1]],[0,"New Label",4,[[31,"Retry",1,1,-39,[11]]],[5,95.57,50.4]],[32,2,16,17,18,19,4],[33,2,22]],0,[0,0,1,0,0,1,0,0,1,0,-1,11,0,-2,12,0,-3,13,0,-4,6,0,-5,2,0,0,2,0,-2,22,0,-3,23,0,3,2,0,-2,3,0,-1,5,0,-2,7,0,-3,8,0,-4,9,0,-5,20,0,-6,4,0,0,4,0,0,4,0,-1,21,0,0,5,0,-2,16,0,-1,14,0,0,6,0,0,6,0,-1,17,0,0,7,0,-1,18,0,0,8,0,-1,19,0,0,9,0,0,11,0,0,12,0,0,13,0,-1,15,0,0,20,0,0,21,0,4,10,1,3,10,22,5,23,39],[0,0,0,0,0,0,0,0,0,0,0,0,0,0,15,17,18,19,23],[6,-1,1,-1,-1,1,-1,-1,-1,-1,1,-1,-1,1,1,2,2,2,7],[2,0,3,0,0,4,0,0,0,0,5,0,0,6,7,1,1,1,8]],[[{"name":"btnXanh@3x","rect":[238,1732,208,70],"offset":[0,0],"originalSize":[208,70],"rotated":1,"capInsets":[0,0,0,0]}],[5],0,[0],[8],[9]]]]